{"cameraMode":{"drawMode":0,"name":"Shaded","section":"Shading Mode"},"sceneLighting":true,"audioPlay":false,"sceneViewState":{"showFog":true,"showMaterialUpdate":false,"showSkybox":true,"showFlares":true,"showImageEffects":true,"showParticleSystems":true},"in2DMode":false,"pivot":{"x":1.4846652746200562,"y":-0.5268783569335938,"z":10.75567626953125},"rotation":{"x":-0.2958153784275055,"y":-0.0022950447164475919,"z":0.0007106969133019447,"w":-0.955242395401001},"size":175.7555694580078,"orthographic":false}