{"cameraMode":{"drawMode":0,"name":"Shaded","section":"Shading Mode"},"sceneLighting":true,"audioPlay":false,"sceneViewState":{"showFog":true,"showMaterialUpdate":false,"showSkybox":true,"showFlares":true,"showImageEffects":true,"showParticleSystems":true},"in2DMode":false,"pivot":{"x":3.947382926940918,"y":32.74736022949219,"z":-34.29286193847656},"rotation":{"x":0.25514915585517886,"y":-0.000001120128558795841,"z":-0.000002153316017938778,"w":0.9669094681739807},"size":208.77182006835938,"orthographic":false}